cat,id,name,submitter,address,detail,location,award
4,26,ต้นนนทรี,มหาวิทยาลัยเกษตรศาสตร์ โดยคณะวนศาสตร์ ,ริมสระน้ำ หน้าหอประชุมกลาง ม.เกษตรศาสตร์,"นนทรีขนาดใหญ่ 9 ต้น ริมสระน้ำ หน้าหอประชุมกลาง ม.เกษตรศาสตร์ บางเขน เป็นดังความภาคภูมิใจของชาวเกษตร ที่พระบาทสมเด็จพระเจ้าอยู่หัว และสมเด็จพระนางเจ้าพระบรมราชินีนาถ ได้เสด็จฯ มาทรงปลูกต้นนนทรี และพระราชทานให้เป็นต้นไม้สัญลักษณ์ประจำมหาวิทยาลัยเกษตรศาสตร์ เมื่อวันที่ 29 พฤศจิกายน 2506 ทั้งยังได้ทรงดนตรีเป็นครั้งแรกในวันเดียวกัน เพื่อร่วมรำลึกวันแห่งประวัติศาสตร์ มหาวิทยาลัยเกษตรศาสตร์ ประกาศให้ วันที่ 29 พ.ย. ของทุกปีเป็นวันที่ระลึก ""วันนนทรีทรงปลูก ดนตรีทรงโปรด"" สำหรับต้นนนทรี สัญลักษณ์ประจำมหาวิทยาลัยเกษตรศาสตร์นั้น ถือเป็นต้นไม้ที่มีความทรหดอดทนแม้ในยามแล้ง ซึ่งถือเป็นคุณสมบัติอันพึงมีพึงเป็นของเกษตรกรไทย ต้นนนทรีเป็นไม้ยืนต้น มีอายุยืนยาว ใบเขียวตลอดปี ลักษณะเป็นใบฝอยคล้ายกระถิน ดอกสีเหลืองประปรายด้วยสีขาวเป็นพวงระย้า มีความทนทานและปลูกได้ในทุกสภาพอากาศของไทย จึงถือเป็นสัญลักษณ์เพื่อแสดงว่า นิสิตเก่ามหาวิทยาลัยเกษตรศาสตร์มีใจผูกพันอยู่กับมหาวิทยาลัยตลอดเวลา และสามารถประกอบอาชีพได้ทั่วทุกแห่งหน ทั้งในไร่นา ป่าเขา ทั่วประเทศไทย อนึ่ง พระบาทสมเด็จพระเจ้าอยู่หัวได้พระราชทานพระกระแสรับสั่งตอนหนึ่งว่า ""ขอพูดอะไรสักหน่อย วันนี้ได้รับเชิญมาปลูกต้นไม้ ก็ทำให้คิดว่า การปลูกต้นไม้ก็จำเป็นจะต้องเลือกว่าต้นอะไรถึงจะดี เหมาะสำหรับมหาวิทยาลัย ต้นไม้อะไร ๆ ก็สีเขียว ต้นนนทรีที่เลือกเป็นต้นไม้ของเกษตร ก็เหมาะสมที่มีสีเขียวด้วย เหมาะมากและน่ายินดีมาก ที่ต้นนนทรีนั้นปลูกได้ทั่วทุกแห่งในประเทศไทย เพราะทนแล้ง ทนแดดได้ นี่เป็นความหมายที่ดี เพราะคนไทยถ้าปลูกในแผ่นดินไทย ก็เติบโตดี และเจริญดี ต้นไม้ต้องมีดิน จึงจะเจริญได้ดี ถ้าเอาไปไว้ในกระถาง หรือเอาไปปลูกในน้ำ หรือปลูกในน้ำยาคุณภาพดี ๆ จากต่างประเทศ ก็จะหงอย อยู่ไม่ได้ เขาต้องการดิน ขอฝากต้นไม้นี้ให้มหาวิทยาลัยและนิสิตช่วยกันรักษาให้ดี อย่าให้หงอย ขอฝากนิสิตทั้งหลายขอให้ช่วยกันรักษาตัวเองให้ดี และอย่าลืมว่าตัวเองนั้นจะอยู่กันได้ก็ด้วยแผ่นดินไทย ขอให้ช่วยรักษาแผ่นดินไทยไว้ด้วย คนไทยถ้าไร้แผ่นดินก็จะหงอยกันหมด อยู่กันไม่ได้ และเราก็ไม่อยากให้เป็นเช่นนั้น"" นับจากปี พ.ศ. 2506 จนถึงปัจจุบัน ต้นนนทรีทั้ง 9 ต้น มีอายุ 45 ปี เติบโตเป็นไม้สูงใหญ่ มีขนาดเส้นผ่านศูนย์กลางโดยเฉลี่ย 54 ซม. มีความสูงเฉลี่ยประมาณ 15 เมตร มีพื้นที่เรือนยอดปกคลุม รวม 1,173 ตารางเมตร นับว่าเป็นต้นนนทรีขนาดใหญ่ที่หาพบได้ยากในกรุงเทพมหานคร","13.8410554,100.5749994",
4,27,ต้นสมอไทย,โรงเรียนวัดเปาโรหิตย์ เขตบางพลัด กรุงเทพฯ,ตั้งอยู่ภายในบริเวณโรงเรียนวัดเปาโรหิตย์ ชอย จรัญสนิทวงศ์ 62 แขวงบางยี่ขัน เขตบางพลัด กรุงเทพฯ,ต้นสมอไทยต้นนี้เคยได้รับรางวัลพระราชทาน ต้นไม้ขนาดใหญ่ จากสมเด็จพระเทพรัตนราชสุดาฯ สยามบรมราชกุมารี เมื่อวันที่ 5 ธันวาคม พ.ศ. 2542 มีอายุ 115 ปี ขนาดความโตของต้น 200 เซนติเมตร ความสูง 15 เมตร เปลือกและผลมีสาร pyrogallul ให้สีดำ ใช้ย้อมแห อวน ผลอ่อน เป็นยาระบาย ขับเสมหะ แก้บิด แก้ไข้ ช่วยให้นอนหลับ ออกดอกประมาณเดือนพฤษภาคม - สิงหาคม และจะออกผล ประมาณเดือนพฤศจิกายน - กุมภาพันธ์ ของทุกปี เป็นแหล่งเรียนรู้แก่นักเรียนในโรงเรียน และประชาชนในชุมชนโดยรอบบริเวณโรงเรียน,"13.7805256,100.4928115",
4,28,ต้นไทร,คุณอัครินทร์ เลิศวัฒนสิริ ,สวนรถไฟ กรุงเทพฯ,ผมตั้งชื่อภาพว่าร่มโพธิ์ร่มไทร ได้แรงบันดาลใจจากคำว่าร่มโพธิ์ร่มไทรครับ,"13.8097464,100.5522022",3
4,29,ต้นหูกวาง,คุณศุภร กัณหะสุต,ริมแม่น้ำเจ้าพระยา ติดกับอนุสาวรีย์พระเจ้ายา ข้างป้อมฯหน้ากองบัญชาการกองทัพเรื่อ,,"13.8099292,100.4843455",
4,30,ต้นโพธิ์,ชมรมถ่ายภาพ สโมสรธนาคารไทยพาณิชย์ ,บริเวณหน้าธนาคารไทยพาณิชย์สำนักงานใหญ่ (รัชโยธิน) 9 ถนน รัชดาภิเษก แขวงจตุจักร เขตจตุจักร,"ต้นโพธิ์เป็นต้นไม้ที่มีคุณค่าทางจิตใจของโดยเฉพาะผู้ที่นับถือศาสนาพุทธ และทางธนาคารก็ได้นำรูปใบของต้นโพธิ์มาเป็นตราสัญญลักษณ์ประจำธนาคารที่เก่าแก่ที่สุดของประเทศ โพธิ์ต้นนี้เด่นเป็นสง่าบริเวณด้านหน้าธนาคาร และด้านหน้าของพระราชานุสาวรีย์ รัชกาลที่ 5 และพระเจ้าบรมวงศ์เธอ กรมหมื่นมหิศรราชหฤทัย ผู้ก่อกำเนิดธนาคาร และยังเป็นศูนย์รวมและมีคุณค่าทางจิตใจแก่พนักงานธนาคาร โดยในทุก ๆ ปีจะมีการสักการะบวงสรวงในวันก่อตั้งธนาคารเป็นประจำทุกปี ลักษณะของโพธิ์ต้นนี้มีรูปทรงที่สวยงาม เป็นทรงพุ่ม มีกิ่งก้านแผ่ขยายไปโดยรอบ ลำต้นมีขนาดใหญ่มากกว่า 5 คนโอบ เมื่อขับรถมาบนเส้นถนนรัชดาภิเษกบริเวณแยกรัชโยธิน จะเห็นต้นโพธิ์ยืนเด่นเป็นสง่า มีฉากหลังเป็น อาคารที่ทำการธนาคารไทยพาณิชย์อันทันสมัย
","13.8266214,100.5617431",2
4,31,ต้นพระศรีมหาโพธิ์,คุณภารนี สวัสดิรักษ์,ลานหน้าอาคารมหาธีรราชานุสรณ์ จุฬาลงกรณ์มหาวิทยาลัย กรุงเทพฯ,ต้นพระศรีมหาโพธิ์นี้เติบโตจากหน่อพระศรีมหาโพธิ์ที่รัฐบาลอินเดียมอบให้จุฬาลงกรณ์มหาวิทยาลัย อัญเชิญจากพุทธคยา ประเทศอินเดียมายังจุฬาลงกรณ์มหาวิทยาลัย และมีพิธีสมโภชเมื่อวันที่ 22มกราคม พุทธศักราช 2539 และทำพิธีปลูกที่หน้าลานอาคารมหาธีรราชานุสรณ์ในโอกาสฉลองครบรอบ 80 ปี แห่งการสถาปนาจุฬาลงกรณ์มหาวิทยาลัย เมื่อวันที่ 21 มีนาคม 2540โดยมีสมเด็จพระมหาธีราจารย์ ( นิยม ฐานิสสโร) ผู้แทนสมเด็จพระญาณสังวรสมเด็จพระสังฆราชสกลมหาสังฆปรินายกเป็นประธาน,"13.7388987,100.5273316",
4,32,ต้นลำพู,คุณปองขวัญ ลาซูส,ริมน้ำหน้าสวนสันติชัยปราการ ถนนพระอาทิตย์,เป็นต้นลำพูที่อยู่คู่พื้นที่ ที่ทำให้เราเรียกชื่อสถานที่ว่าย่านบางลำพู,"13.764063,100.493081",
4,33,"ต้นชบาเถา ""เครือเทพรัตน์""",คุณวรดร ลีธีระกุล,สวนสมเด็จพระนางเจ้าสิริกิติ์ฯ ,"""ชบาเถา""สกุลใหม่ เป็นชนิดเดียวในโลกในป่าอนุรักษ์ที่จังหวัดตาก สมเด็จพระเทพฯพระราชทานนาม""เครือเทพรัตน์"" แต่เสี่ยงต่อการสูญพันธุ์เพราะสำรวจพบแค่ 2-3 ต้นเท่านั้น สมเด็จพระเทพรัตนราชสุดาฯ สยามบรมราชกุมารี ทรงพระกรุณาโปรดเกล้าฯ พระราชทานชื่อตามพระนามตามที่นักพฤกษศาสตร์ขอพระราช ทานพระราชานุญาตไปว่า Thepparatia Thailandica Phuph. และมีชื่อไทยว่า ""เครือเทพรัตน์"" ซึ่งขณะนี้พบสถานะในถิ่นกำเนิดมีความเสี่ยงต่อการ สูญพันธุ์เพราะสำรวจพบเพียง 2-3 ต้นเท่านั้น"" ""เครือเทพรัตน์"" ถือเป็นชบาเถาชนิดเดียวในโลก ซึ่งสำรวจพบครั้งแรกเมื่อเดือนมีนาคม พ.ศ.2548 ในเขตพื้นที่ป่าอนุรักษ์ในจังหวัดตากใกล้กับชายแดนพม่า พบอยู่บริเวณหุบเขาลาดชันใกล้ลำธารใน ป่าดิบแล้งที่ระดับความสูงประมาณ 700 เมตร ซึ่งถือว่าเป็นการพบโดยบังเอิญหลังจากที่เห็นดอก ที่โดดเด่นสะดุดตาอยู่บนต้นไม้สูงเนื่องจากมีลักษณะคล้ายดอกชบา แต่กลับพบเป็นเถาไม้เลื้อยขนาดใหญ่พบเพียงแค่ 2-3 ต้นเท่านั้น","13.8075171,100.548369",
4,34,ต้นจันทน์,คุณปองขวัญ ลาซูส,หน้าหอพระไตรปิฎก วัดระฆังโฆษิตาราม,รายละเอียดของต้นไม้ : เป็นต้นจันทน์ 1 คู่ ที่พระบามสมเด็จพระเจ้าอยู่หัวภูมิพลอดุลยเดช ทรงปลูกไว้ทางด้านซ้ายมือและสมเด็จพระนางเจ้าสิริกิติ์พระบรมราชินีนาถ ทรงปลูกไว้ทางด้านขวามือ เมื่อวันที่ 18 กันยายน พ.ศ. 2514 เพื่อเป็นที่ระลึกในการเสด็จพระราชดำเนินทอดพระเนตรหอพระไตรปิฎก ซึ่งเป็นนิวาสสถานเดิมของพระบามสมเด็จพระพุทธยอดฟ้าจุฬาโลก พระบรมปฐมกษัตริย์แห่งราชวงศ์จักรี การบูรณะปฏิสังขรณ์หอพระไตรปิฎกวัดระฆังโฆษิตารามนี้ สมาคมสถาปนิกสยามฯ ได้ตั้งกรรมาธิการมีชื่อว่าคณะกรรมาธิการวิชาการสาขาอนุรักษ์ศิลปกรรม (พ.ศ. 2511) เพื่อดำเนินการ นับเป็นกรรมการชุดที่เป็นต้นกำเนิดของกรรมาธิการอนุรักษ์ศิลปสถาปัตยกรรม และสมาคมอนุรักษ์ศิลปกรรมและสิ่งแวดล้อมต่อมาในปี พ.ศ. 2514,"14.5503949,100.8549761",
4,35,ต้นมะขาม,สวนสราญรมย์,สวนสราญรมย์,,"13.7481487,100.492813",
4,36,ต้นจำปาเทศ,สวนสราญรมย์,สวนสราญรมย์,,"13.7481487,100.492813",
4,37, ต้นแก้ว,คุณปองขวัญ ลาซูส,สวนแก้ว มหาวิทยาลัยศิลปากร วังท่าพระ,,"13.7527748,100.4879619",
4,38,ต้นไกร,ชมรมถ่ายภาพ สโมสรธนาคารไทยพาณิชย์ ,ธนาคารไทยพาณิชย์ สาขาตลาดน้อย 1280 ถนนโยธา แขวงตลาดน้อย เขตสัมพันธวงศ์ กรุงเทพฯ,ต้นไกรนับเป็นต้นไม้มงคลอีกชนิดหนึ่ง ไกรต้นนี้มีอายุมากกว่าศตวรรษ เคียงคู่กับอาคารที่ทำการสำนักงานใหญ่ของธนาคารไทยพาณิชย์ในอดีต ซึ่งปัจจุบันเป็นสาขาตลาดน้อย และยังเปิดให้บริการแก่ลูกค้าจวบจนปัจจุบัน ลำต้นมีขนาดใหญ่มากประมาณ 10 คนโอบ มีความสูงประมาณตึก 5 ชั้น กิ่งก้านได้แผ่ขยายปกคลุมบริเวณสนามหญ้าหน้าที่ทำการสาขาฝั่งริมน้ำเจ้าพระยาให้ความร่มรื่นแก่ลูกค้าที่มาใช้บริการ ยามใดได้มีโอกาสนั่งเรือท่องแม่น้ำเจ้าพระยาเมื่อมองขึ้นมาจะเห็นต้นไกรเขียวขจีริมฝั่งน้ำ มีอาคารทรงสถาปัตยกรรมแบบโบซารส์ที่เก่าแก่มีอายุกว่า 100 ปี อยู่เบื้องหลัง นับเป็นความภาคภูมิใจอีกสถานที่หนึ่งของพนักงานธนาคาร และประชาชนชาว กทม.,"13.7319317,100.510638",1
4,39,ต้นศรีมหาโพธิ์,สวนหลวง ร ๙ แขวงหนองบอน เขตประเวศ กรุงเทพ ฯ ,สวนหลวง ร ๙ แขวงหนองบอน เขตประเวศ กรุงเทพ ฯ ,ทรงปลูกโดย สมเด็จพระเทพรัตนราชสุดาฯ สยามบรมราชกุมารี ศรีมหาโพธิ์ต้นนี้ได้นำพันธุ์มาจากประเทศอินเดีย เป็นต้นไม้ที่ทรงคุณค่าในทางพระพุทธศาสนาทั้งในจิตใจของประชาชนชาวพุทธ ให้รำลึกถึงองค์สมเด็จพระสัมมาสัมพุทธเจ้า ตลอดจนการปฏิบัติ ตามแนวทางที่พระพุทธองค์ทรงสั่งสอนไว้ให้ประพฤติดีปฏิบัติชอบ ละเว้นความชั่วโดยยึดหลักการปฏิบัติตามศิล ๕ อันเป็นแนวทางให้สามารถอยู่ในสังคมได้อย่างมีความสุข เป็นแนวทางสายกลาง ที่ลดปัญหาต่าง ๆ ทำให้สังคมอยู่กันอย่างมีความสงบสุข อย่างพอเพียง ตามหลักธรรมของพระพุทธศาสนา,"13.6861347,100.6605012",
4,40,ไม่ทราบชื่อ,คุณอดิศร จันทร์วิจิตรกุล,ลานข้างห้างเซ็นทรัลเวิร์ล,แม้จะเป็นต้นไม้ใหญ่ต้นท้าย ๆ ที่เหลืออยู่ในบริเวณนี้ ก็ยังพอที่จะเป็นร่มเงาให้ผู้ผ่านไปมา หรือคนทั่วไป ให้ได้พักผ่อนจากความร้อนกลางกรุงได้,"13.744967,100.5382734",
4,41,ต้นมะขาม,คุณทัชชา หลำผาสุข,498 ซ.จรัญสนิทวงศ์ 79 แขวงบางพลัด เขตบางพลัด กรุงเทพฯ,"เป็นต้นมะขามที่มีอายุกว่า 100 ปี มีมาตั้งแต่สมัยปู่ทวดย่าทวด ตั้งแต่เราจำความได้ก็เห็นต้นมะขามต้นนี้ตั้งตระหง่านอยู่บ้านแล้ว จากต้นไม้ใหญ่ที่เคยตั้งตรง 90 องศา กาลเวลาได้ผ่านล่วงไป ลำต้นก็เริ่มเอนลงตามวันเวลา มันเริ่มเอนลงมาจนจะพาดถึงกำแพงฝั่งตรงข้ามแล้วแต่ก็ไม่อยากโคนเค้าทิ้ง เลยทำการเอาเสาปูนซีเมนต์มาค้ำยันช่วงกิ่งที่เค้าพาดมายังกำแพงฝั่งตรงข้ามไว้ เผื่อให้เ้ค้าสามารถยืนต้นอยู่ได้ให้ตราบนานเท่านาน จนกว่าจะยืนต้นต่อไปอีกไม่ไหวหรือให้เค้าล้มไปตามธรรมชาติ ""เค้าอาจจะไม่ใช่ต้นไม้ที่สวยที่สุด สูงที่สุด หรือสมบูรณ์ที่สุด แต่เค้ามีคุณค่าและน่าประทับใจสุดสำหรับครอบครัวของเรา""",,
4,42,ต้นยาง,คุณไชยา กัญญาพันธุ์ ผู้อำนวยการโรงเรียนทีปังกรวิทยาพัฒน์ (วัดน้อยใน) ในพระราชูปถัมภ์ฯ,,เส้นรอบวง 4.40 เมตร สูงประมาณ 55 เมตร อายุกว่า100 ปี,"13.7870704,100.4531839",
4,43,ต้นมะขาม,คุณไชยา กัญญาพันธุ์ ผู้อำนวยการโรงเรียนทีปังกรวิทยาพัฒน์ (วัดน้อยใน) ในพระราชูปถัมภ์ฯ,วัดน้อยใน แขวง ตลิ่งชัน เขต ตลิ่งชัน กรุงเทพฯ,เส้นรอบวง 5.50 เมตร สูงประมาณ 30 เมตร อายุกว่า 100 ปี,"13.7870704,100.4531839",
4,44,ต้นไทรหุ้มต้นมะพลับ,คุณไชยา กัญญาพันธุ์ ,วัดไก่เตี้ย แขวง ตลิ่งชัน เขต ตลิ่งชัน กรุงเทพฯ,เส้นรอบวง 7.90 เมตร สูงประมาณ 50 เมตร อายุกว่า 100 ปี,"13.7852737,100.4625232",
4,45,ต้นมะพลับ,คุณไชยา กัญญาพันธุ์,วัดไก่เตี้ย แขวง ตลิ่งชัน เขต ตลิ่งชัน กรุงเทพฯ,เส้นรอบวง 3.20 เมตร สูงประมาณ 35 เมตร อายุกว่า 100 ปี,"13.7852737,100.4625232",
4,46,ต้นก้ามปู,คุณไชยา กัญญาพันธุ์,อยู่ทางเข้าหมู่บ้านร่มรื่นแขวง ตลิ่งชัน เขต ตลิ่งชัน กรุงเทพฯ,เส้นรอบวง 5.50 เมตร สูงประมาณ 45 เมตร กำลังถูกกานต้นไม้ให้ตายอย่างน่าหวาดเสียว,"13.7825184,100.4416842",
4,47,ต้นยาง,คุณไชยา กัญญาพันธุ์,โรงเรียนทีปังกรวิทยาพัฒน์ (วัดน้อยใน) ในพระราชูปถัมภ์ฯ แขวง ตลิ่งชัน เขต ตลิ่งชัน กรุงเทพฯ,เส้นรอบวง 4.60 เมตร สูงประมาณ 50 เมตร,"13.7870704,100.4531839",
4,48,ต้นประดู่ป่า,คุณณัฐธัญ จันทร์จำรัส,องค์การคนพิการสากลประจำภูมิภาคเอเชียแปซิฟิก 92 ซอยราชครู พหลโยธิน 5 สามเสนใน พญาไท กทม,อายุประมาณ 60-80 ปี ความสูงไม่ต่ำกว่า 15 เมตร ตั้งอยู่ในบริเวณบ้านที่สร้างโดยจอมพลผิน ชุณหะวัณ บิดาของพลเอกชาติชาย ชุณหะวัณ อดีตนายกรัฐมนตรี ซึ่งสถานที่แห่งนี้มีประวัติเกี่ยวข้องกับการเมืองไทยมาเป็นระยะเวลานาน ขณะนี้องค์การคนพิการสากลได้ใช้ที่ทำการพรรคชาติพัฒนาในอดีตเป็นสำนักงาน ในบริเวณสำนักงานมีความร่มรื่นย์เป็นอย่างมาก ทำให้ผู้ที่ทำงานในนั้นต่างมีความรู้สึกเหมือนทำงานในบ้าน มีอากาศที่บริสุทธิ์ และจิตใจเบิกบาน ได้สัมผัสกับธรรมชาติในทุกวันของการทำงาน,"13.7756622,100.5414714",
4,49,ต้นมะขาม,คุณมาลินี จันทร์เลิศฟ้า,โรงเรียนวัฒนาวิทยาลัย 67 ถ.สุขุมวิท19 แขวง คลองเตยเหนือ เขตวัฒนา กรุงเทพฯ ,ต้นมะขามเป็นต้นไม้ประจำโรงเรียนวัฒนาวิทยาลัย ต้นมะขามต้นใหญ่คอยให้ร่มเงา และ ทำให้อากาศในวัฒนาสะอาด ถึงแม้ว่าบริเวณรอบข้างโรงเรียนจะมีตึกสูงมากมาย มากขึ้นเรื่อยๆ สวนทางกับจำนวนของต้นไม้ ออซิเจน และคนที่มีสุขภาพดี,"13.7442933,100.5583458",
4,50,ต้นยางอินเดีย,Pongkwan Lassus,in front of faculty of architecture Silpakorn university Wang Thaphra,,"13.7534703,100.4884517",
4,51,ต้นหางนกยูง,คุณภูมิใจ อัตตะนันทน์,สำนักงานคณะกรรมการพัฒนาการเศรษฐกิจและสังคมแห่งชาติ เลขที่ 962 ถนนกรุงเกษม เขตป้อมปราบฯ กรุงเทพฯ ,โดยต้นไม้ยืนต้นแผ่กิ่งก้านสง่างามอยู่บริเวณด้านหน้าซ้ายของอาคารพิพิธภัณฑ์สุริยานุวัตรเพื่อการพัฒนาประเทศ ซึ่งก่อสร้างประมาณปี 2448 เดิมเป็นบ้านของท่านพระยาสุริยานุวัตร ซึ่งได้รับยกย่องเป็นนักเศรษฐศาสตร์คนแรกของไทย ผู้เขียน “ทรัพย์ศาสตร์” ตำราเศรษฐศาสตร์เล่มแรกของไทย,"13.7573985,100.5124998",
4,52,ต้นมะขามคู่,สำนักงานเขตบางกอกใหญ่ส่งเข้าประกวด,หน้ายักษ์วัดอรุณฯ เขตบางกอกใหญ่ กรุงเทพฯ,ต้นมะขามคู่ 2 ต้นนี้มีการตัดแต่งดูแลควบคุมทรงพุ่มอย่างสวยงามและยืนคู่กับยักษ์ วัดอรุณฯ มาร่วมร้อยกว่าปีมีรูปทรงและควายสวยงามเข้ากับภูมิทัศน์และสถาปัตย์อย่างสวยงามและลงตัว หลายยุกค์หลายสมัยหลายคนที่ได้ถ่ายรูปคู่กับยักษ์วัดอรุณฯจะต้องถ่ายรูปคู่กับต้นมะขามคู่นี้ด้วยเสมอ,"13.7437052,100.4867378",
1,1,ต้นไทรทอง,นันทพล แสงกวีเลิศ,โรงเรียนพระรามหกเทคโนโลยี ,,"13.807290, 100.512175",1
1,2,ต้นมะขามเปรี้ยว,ปิติ ประมูลมาก ,,คุณย่าของผมเล่าว่า เมื่อคุณย่าเกิดและเริ่มจำความได้ก็เห็นต้นไม้นี้ยืนต้นโดดเดี่ยวแผ่กิ่งก้านสูงสง่า น่าเกรงขาม ซึ่งปัจจุบันคุณย่ามีอายุ 87 ปี ฉนั้นจึงเดาได้ว่าอายุของต้นไม้น่าจะกว่า 90-100 ปี เส้นรอบวงที่วัดได้ 320 ซม. ความสูงโดยประมาณ 15 เมตร,,
1,3,ต้นไทร,ชูวิทย์ ประดิษฐบาทุกา ,โรงพยาบาลกลาง ,คนไทยโบราณเชื่อว่า บ้านใดปลูกต้นไทรไว้ประจำบ้านจะทำให้เกิดความร่มเย็น เพราะคนโบราณได้กล่าวว่า ร่มโพธิ์ ร่มไทร ช่วยทำให้เกิดความร่มเย็นเป็นสุขนอกจากนี้ยังช่วยคุ้มครองป้องกันภัยอันตรายทั้งปวงเพราะบางคนเชื่อว่าต้นไทรเป็นต้นไม้ที่ศักดิ์สิทธิ์ ซึ่งมีเทพารักษ์อาศัยอยู่คอยคุ้มครองพิทักษ์ปวงชนให้มีความอยู่เย็นเป็นสุข ,"13.746815, 100.509233",
1,4,ต้นโพธิ์,จ.ส.อ.ศรัณย์ ฤทธิเสน,วัดพระศรีมหาธาตุวรมหาวิหาร,,"13.874598, 100.593492",
1,5,ต้นโพธื์,ตรีธา ปิยธโร ,ป้อมตำรวจเชิงสะพานเทวกรรมรังรักษ์ ,,"13.760485, 100.512858",
1,6,ต้นไกร,คณาธิป ภัทรชลิต,สวนสมเด็จย่า,เป็นต้นไม้ที่อยู่ภายในอุทยานเฉลิมพระเกียรติสมเด็จพระศรีนครินทราบรมราชชนนี (สวนสมเด็จย่า) เขตคลองสาน ปลูกตั้งแต่สมัยรัชกาลที่ 5 อีกทั้งต้นนี้ยังมีใบที่เยอะที่สุดใบบรรดาต้นไม้อื่นๆอีกด้วย,"13.738778, 100.499371",
1,7,ต้นมะเดื่ออุทุมพร,พณกฤษ อุมกิตติ,มหาวิทยาลัยศิลปากร ท่าพระ,ต้นมะเดื่ออุทุมพรต้นนี้ ด้วยอายุและขนาดที่ใหญ่ทำให้ขวางการทำทางผ่านหน้าคณะจนต้องตัดออกบางส่วน ชาวโบราณจึงขนานนามต้นไม้ใหญ่นี้ว่าปู่กร่าง และเพื่อเป็นมิ่งขวัญของชาว เราจึงจัดให้มีพิธีสมโภชทุกปี ส่วนเรื่องอายุมีผู้สันนิษฐานว่าน่าจะมีมาสมัยตอนต้นรัตนโกสินทร์เพราะพบภาพถ่ายเก่าราว สมัยร.๔ต้นไม้ต้นนี้ก็มีขนาดใหญ่มากแล้ว,"13.753589, 100.490162",
1,8,ต้นไทร,สุรเดช ผุดประภากุล,โรงเรียนอัสสัมชัญ ธนบุรี,,"13.734122, 100.370568",
1,9,ต้นประดู่,สุรเดช ผุดประภากุล ,วัดอุดม โปษะกฤษณะวราราม,,"13.766553, 100.333679",
1,10,ต้นจามจุรี ,ด.ช.ธีระ พรสิริภักดี ,คริสตจักรวัฒนา,"ปล.เด็กเขาอยากส่งค่ะ ได้รางวัลหรือไม่ได้ไม่ใช่เรื่องสำคัญ เขาบอกว่าส่งมาไว้ ""คนอื่นเห็นเยอะๆ แล้วต่อไปจะได้ไม่มีใครกล้าไปตัด"" เรื่องเกิดจากเขาเสียดายที่ปีที่แล้วพึ่งโดนตัดไปต้นนึงเพราะที่นี่จะสร้างตึก ต้นใหญ่พอกับต้นนี้ค่ะ เขาว่าถ้ามีกฎหมายคุ้มครอง ต้นนี้ก็จะยังอยู่ มันไม่ใช่ไม้มีราคา ผู้รับเหมาและคนดูแลโครงการเลยไม่ได้ใช้วิธีย้าย แต่โค่นทิ้งแทน เด็กน้อยยังรู้สึกเสียดาย แต่ผู้ใหญ่ไม่รู้สึก","13.742976, 100.560080",
1,11,ต้น Ficus religiosa ,พล.อ. วิษณุ คงสิริ,,,,
1,12,ต้นจามจุรี,ทินรัตน์ ศรีสุวรรณ์,สถาบันสุขภาพสัตว์แห่งชาติ กรมปศุสัตว์,,"13.854106, 100.576681",
1,13,ต้นโพธิ์,ทินรัตน์ ศรีสุวรรณ์,สถาบันสุขภาพสัตว์แห่งชาติ กรมปศุสัตว์,,"13.854106, 100.576681",
1,14,ต้นตะแบก,สุรเดช ผุดประภากุล,อาคารฝ่ายพัฒนาและวิจัยโรงงานยาสูบ,,"13.765627, 100.552260",
1,15,ต้นกร่าง,พูนศักดิ์ สักกทัตติยกุล,โรงเรียนสตรีศรีสุริโยทัย ,อายุกว่า 200 ปี ความสูง มากกว่า 15 เมตร เส้นรอบวงวัดจากพื้นดิน 1.3 เมตร ขนาดใหญ่กว่า 10 คนโอบ อ่านข้อมูลเพิ่มเติมที่ http://www.thaigoodview.com/node/41181,"13.715553, 100.516056",2
1,16,ต้นยางนา,สุวิมล กนกนาค , ฌาปนสถาน วัดหนองจอก,ต้นยางนาต้นนี้มีอายุประมาณ 100 ปี ความสูงเกินกว่า 20 เมตร เส้นผ่าศูนย์กลางประมาณ 97-99 เซนติเมตร ความยาวรอบโคนต้นประมาณ 360 เซนติเมตร ต้นยางนานี้เป็นต้นไม้ที่เด็กๆ ทุกคนที่เคยเรียนเคยเล่นกันอย่างสนุกในบริเวณวัดหนองจอกในสมัยนั้น มักจะเก็บลูกยางที่หล่นลงมา โยนเล่นกันอย่างสนุกสนาน เพราะของเล่นในสมัยนั้นมีไม่มาก ลูกยางจะถูกเก็บมาเล่นกันอย่างแพร่หลาย ถ้าใครไม่รู้จักถือว่าเชยมากๆ ต้นยางที่ว่าตอนนี้ยังคงอยู่ที่เดิม ปัจจุบันนี้มีลำต้นที่ใหญ่มาก สวยมาก สูงมากและข้าพเจ้ารู้สึกว่ามีคุณค่ามาก ที่พวกเราทุกคนควรจะรักษาไว้ให้อยู่ไปให้นาน ๆ และต้นยางต้นนี้ยังคงปลูกอยู่ในบริเวณเจดีย์เก็บอัฐิของบรรพบุรุพของคนในชุมชนรอบ ๆ วัดหนองจอกที่เดิม ซึ่งเป็นเพียงบางส่วนที่ให้ลูกหลานได้ศึกษาหาความรู้ในเชิงประวัติศาสตที่มีชีวิตให้ลูกหลานได้ศึกษาจนถึงวันนี้,"13.856112, 100.861099",
1,17,ต้นหูช้าง,สงวน ธีระกุล ,หลัง มหาวิทยาลัยเกษตรศาสตร์,น่าชื่นชม สมควรเก็บรักษาไว้ บรรยากาศถนนในซอย สั้นๆ สายนี้ ร่มรื่น สงบ เหมาะสำหรับนักขี่จักรยาน,,
1,18,ต้นไทร,ปราณิสา พูลสมบัติ ,โรงแรมสวิสโฮเต็ล ปาร์คนายเลิศ,ต้นไทร เป็นต้นไม้เก่าแก่ที่ปลูกไว้ในสมัยรัชกาลที่ 6 โดย พระยาภักดีนรเศรษฐ (เลิศ เศรษฐบุตร) ซึ่งได้มีการปลูกต้นไทรในพื้นที่บริเวณดังกล่าวจำนวนมาก โดยหวังไว้ให้เป็นที่พักอาศัยของเหล่านกกา ซึ่งเมื่อครั้นมีการปรับปรุงพื้นที่เพื่อสร้างโรงแรม ท่านผู้หญิงเลอศักดิ์ สมบัติศิริ ได้ให้สถาปนิกออกแบบโรงแรมให้สอดคล้องกับภูมิทัศน์ของต้นไม้ที่มีอยู่เดิม และห้ามมิให้ตัดต้นไม้ที่มีอยู่ ทำให้ปัจจุบันโรงแรมยังมีต้นไม้ขนาดใหญ่ ต้นไม้พื้นเมืองที่สำคัญของประเทศไทย ซึ่งได้รับการดูแลรักษาเป็นอย่างดี อีกเป็นจำนวนมาก,"13.747264, 100.546921",
1,19,ไม่ทราบชื่อ,วัชราภรณ์ พุ่มทอง ,ทางเชื่อมสวนรถไฟกับสวนโมกข์ ,ต้นอะไรไม่ทราบค่ะ เป็นไม้ยืนต้นขนาดใหญ่ทรงเป็นพุ่มใหญ่ให้ร่มเงา สวยงามทีเดียว ,,
1,20,ไม่ทราบชื่อ,ธนพล เฮงสาโรชัย ,วัดเทพศิรินทราวาส,,"13.747251, 100.513370",
1,21,ต้นมะเดื่ออุทุมพร ,สมจอง รองแก้ว ,ชุมชนท่าวัง,ต้นมะเดื่ออุทุมพรต้นนี้อายุกว่า 100 ปี ยืนต้นเคียงคู่กับแนวกำแพงโบราณ และเป็นที่สถิตของศาลปู่ตา สิ่งสักการะสำคัญประจำชุมชนท่าวัง,"13.753729, 100.488843",
1,22,ต้นมะขาม,เทียมใจ ทองเมือง,สมาคมนักข่าวนักหนังสือพิมพ์แห่งประเทศไทย ,อายุของต้นมะขามไม่น่าจะต่ำกว่า 30 ปี พุ่มของต้นมะขามให้ร่มเงารถยนต์ 8 คัน ดูเหมือนจะเป็นไม้ใหญ่ที่เหลืออยู่ค่ะ,"13.780001, 100.509434",
1,23,ต้นโพธิ์,สมศักดิ์ แสงกุศลส่ง ,วัดมหาธาตุยุวราชรังสฤษฎิ์ราชวรมหาวิหาร,,"13.755196, 100.490891",
1,24,ต้นพะยอม,สวนสาธารณะเฉลิมพระเกียรติ ๖ รอบพระชนมพรรษา ,สวนสาธารณะเฉลิมพระเกียรติ ๖ รอบพระชนมพรรษา ,,"13.686044, 100.518801",
1,25,ต้นงิ้ว,สวนสาธารณะเฉลิมพระเกียรติ ๖ รอบพระชนมพรรษา ,สวนสาธารณะเฉลิมพระเกียรติ ๖ รอบพระชนมพรรษา ,,"13.686044, 100.518801",
1,26,ต้นไทร,ส.อ.สุนทรชัย ขอบชิต ,เชิงสะพานบางขุนเทียน,,,3
1,27,ต้นโพธิ์,ส.อ.สุนทรชัย ขอบชิต ,ริมทางรถไฟติดวัดราชโอรสาราม,,"13.701673, 100.464974",
1,28,ต้นมะพลับ,ธีรนันท์ ช่วงพิชิต,วัดหงส์รัตนาราม ,ต้นมะพลับ ขนาด 2 คนโอบนะครับ แต่เผอิญว่าตอนนี้ทางวัดกำลังซ่อมทางพระอุโบสถ จึงทำที่พักคนงานอยู่ข้าง ๆ มุมมองเลยไม่ค่อยสวยนะครับ แต่เป็นต้นมะพลับที่ใหญ่มากที่เดียว เมื่อเทียบกับที่เคยเห็นมา,"13.739909, 100.487174",
1,29,ต้นอิน-จัน,ธีรนันท์ ช่วงพิชิต,มัสยิดต้นสน,เป็นต้นอิน-จันนะครับ นี่อยู่ที่มัสยิดต้นสน ข้างวัดหงส์รัตนาราม ในสุสานครับ ทางมัสยิดพยายามรักษาต้นไม้ใหญ่ ๆ เพื่อให้เป็นพื้นที่สีเขียวนะครับ,"13.740054, 100.488669",
1,30,ต้นกรวยป่า,ธีรนันท์ ช่วงพิชิต,วัดหงส์รัตนาราม ,,"13.739909, 100.487174",
1,31,ต้นกรวบ/มะพร้าวลิง,ธีรนันท์ ช่วงพิชิต,สถาบันจิตเวชศาสตร์สมเด็จเจ้าพระยา,ต้นกรวย หรือมะพร้าวลิง ที่เป็นที่มาของบางกรวย ต้นนี้ใหญ่มากอีกต้นหนึ่ง วงรอบประมาณ 2.60 -2.70 เมตร สูงเฉียด ๆ 20 เมตรครับ อยู่ในสถาบันจิตเวชศาสตร์สมเด็จเจ้าพระยา เขตคลองสาน กรุงเทพ ที่น่าสนใจอีกด้านหนึ่งก็อย่างที่เคยบอกกับคุณอรยาว่า คุณหมอที่นี่ และผอ. ที่นี่รักและหวงต้นไม้อย่างน่านับถือ และต้นไม้ในสถานที่แห่งนี้ที่ขนาดใหญ่ ๆ พิเศษ มีมากที่เดียว,"13.731038, 100.504512",
1,32,ต้นไทร,สมชาติ วรินทราวาท,ท้ายบ้านสวนราชา,,"13.843330, 100.620930",
1,33,ต้นไทร,เจริญศักดิ์ เที่ยงธรรม,, เป็นต้นไทรขนาดใหญ่มีอายุปาระมาณ 80 กว่าปี ขนาดเส้นรอบโคนประมาณ 4.5 เมตร ความสูงประมาณ ตึก 4 ชั้น ทรงพุ่มสวยงามมาก ลำต้นอุดมสมบูรณ์เนื่องจากเจ้าของดูแลเป็นอย่างดี,,
1,34,ต้นโพธิ์,ดวงใจ เรียววิไลสุข,,เป็นต้นโพธิ์ที่มีอายุกว่า 10 ปี ให้ร่มเงา และความร่มเย็นเสมอ,,
1,35,ต้นสะตือ,ไชยา กัญญาพันธุ์ , วัดสะพาน,เส้นรอบวง 6.60 เมตร สูงประมาณ 35 เมตร,"13.748534, 100.438587",
1,36,ไม่ทราบชื่อ,ฐิติ มีชัย ,เข้าซอย 500 เมตร ลานจอดรถ,โคนต้นมีขนาดประมาณ 5 คนโอบ ความสูงประมาณตึก 4 ชั้นครับ อายุน่าจะประมาณ 30 ปีเป็นอย่างต่ำ,"13.698807, 100.604726",
1,37,ต้นโพธิ์,เช้าตรู่ รังสีสิริกุล สนง.เขตบางกอกใหญ่ , วัดหงส์รัตนาราม,ขนาดเส้นรอบวง 7.40 เมตร,"13.739917, 100.487194",
2,1,ต้นมะซาง,ยศพล รัฐอมฤต,พุทธมลฑลสาย 1,"เข้าจากทาง 
จรัญ 31 ไปทางถนนที่กำลัง
เคลียร์พื้นที่ ก่อนถึงครองชักพระ 
ประมาณ 50-80 เมตร รายละเอียดต้นไม้ ต้นมะซาง เป็นไม้ยืนต้นเนื้อแข็งลงประกวด ต้นไม้มหานคร เพื่อที่จะอนุรักษ์มันไว้ได้เนื่องจากต้นไม้อยู่ในแนวเวณคืนที่ดินทำถนนตัดใหม่ สายสามแยกไฟฉายไปพุทธมณฑลสาย 1 ซึ่งตอนนี้เขาได้ล้มต้นไม้ตามแนวถนนไปมากแล้ว แต่ต้นนี้ยังรอดอยู่เพราะทางที่บ้านได้ขอให้ทางผู้ทำถนนอย่าพึ่งเข้ามาทำในบริเวณสวน","13.755492, 100.469644",
2,2,ต้นโพธิ์,สุชญา วรธำรง,สุดซอยมังกร2, อายุเกือบ 40 ปี ตั้งอยู่ในเขตป้อมปราบฯ ถนนมังกร สุดซอยมังกร 2 จะเห้นต้นโพธิ์ือยู่ใกล้ทางแยกถนน สังเกตเห็นไม่ยากเพราะสูงกว่าตึก 6 ชั้นอีกค่ะ ต้นโพธิ์ต้นนี้เดิมตั้งอยู่หลังตึก 2 ชั้นที่เห็นในภาพโดดๆ แต่ตอนนี้เจ้าของใหม่สร้างโกดังเก็บของด้านหลัง ลำต้นของต้นโพธิ์ต้นนี้ก็เลยอยู่ในโกดังส่วนบุคคล ไม่อาจวัดเส้นรอบวงได้ (แรกๆเจ้าของใหม่ก็จะโค่นทิ้งแต่คนเก่าๆที่นี่ขอไว้ ถ้ากทมจะออกกฎหมายห้ามตัดต้นไม้ใหญ่ก็จะดีมาก),"13.745189, 100.514381",2
2,3,ต้นไทร ,จ.ส.อ.ศรัณย์ ฤทธิเสน ,ชุมชนเขตฝั่งโขงดอนเมือง,ต้นไทร ต้นนี้สูงและใหญ่ ถ้าดูด้วยตานั้น มีกิ่งของต้นนั้นขว้างปกคุมบ้านในชุมชนฯ หลายหลังเลยที่เดียว จากการเดินเข้าไปสำรวจเพื่อจะเข้าไปถ่ายลำต้นนั้น ไม่สามารถเข้าไปถ่ายได้ มีการปลูกบ้านปิดล้อมต้นไม้นี้ไว้ทุกทิศได้สอบถามแล้ว น่าจะมีอายุมากกว่า 60 - 80 ปี ไม่แน่อาจถึง 100 ก้อได้,"13.923958, 100.600691",
2,4,ต้นโพธิ์,โรจน์วิสิฐ เอื้อโสภณ,สามยอดพลาซ่า,ต้นโพธิ์ต้นนี้ความสูงโดยประมาณเท่ากับตึกสูง 5-6 ชั้น โดยมีเส้นรอบวงประมาณ 4-5 คนโอบ ซึ่งต้นโพธิ์ต้นนี้อายุน่าจะราวๆ ประมาณ 70 ปีขึ้นไป,"13.747586, 100.501793",
2,5,ต้นปีบ,พรรณี เหรียญเสาวภาคย์,,อายุประมาณ 30 ปี เส้นรอบวงประมาณ 160 เซ็นติเมตร สูงประมาณ 18 เมตร (สูงกว่าตึก 6 ชั้น) ปลูกอยู่ภายในบ้านที่ติดถนนตากสิน ช่วยกรองแสงแดดทางด้านทิศตะวันออกที่กระทบตัวบ้าน และยังช่วยลดอากาศเสียและคลายความร้อนภายในบ้านได้เป็นอย่างมาก หลังบ้านรอบต้นไม้จะมีลมพัดเย็นตลอดเวลา,"13.710167, 100.487799",
2,6,ต้นพญาสัตบรรณ ,จีรพร กลัดเจริญ ,,ต้นไม้ต้นนี้ อยู่เคียงคู่บ้าน เเละสง่างามมาเป็นเวลาหลายปี บ่งบอกถึงความสมบูรณ์ของธรรมชาติ อีกทั้งยังเป็นผู้ให้ร่มเงา ความร่มเย็นแก่บ้านเเละร้านอาหารแห่งนี้ ไม่ว่าลมพายุจะเเรงแค่ไหน พญาสัตบัณต้นนี้ก็ยังคงยืนหยัดเคียงข้าง เพื่อ เราอยู่เสมอ บ้านหลังไม่ใหญ่ ในกรุงเทพ แต่่ เรา ต้องการต้นไม้ต้นใหญ่ ไว้ ให้ร่มเงา ร้านอาหารร้านเล็กๆ เเห่งนี้ในกรุงเทพ ต้องการต้นไม้ ต้นใหญ่ต้นนี้ คอยให้ร่มเย็น,"13.631202, 100.405245",
2,7,ต้นชมพูพันธุ์ทิพย์,อรยา สูตะบุตร,เอยูเอ ราชดำริ (เก่า) ทางเข้าสนามเทนนิส,เป็นแบบอย่างให้เจ้าของตึกและสถาปนิกอื่นๆ ที่สร้างตึกที่อยู่ร่วมกับสวนที่ร่มรื่นและต้นไม้ใหญ่ได้,"13.738074, 100.539715",
2,8,ต้นโพธิ์ ,ประดิษฐ์ ยาหอม,บริเวณข้างสถานีดับเพลิงธนบุรี, -,"13.727194, 100.486868",
2,9,ต้นสมพง,ปราณิสา พูลสมบัติ ,โรงแรมสวิสโฮเต็ล ปาร์คนายเลิศ,ต้นสมพง เป็นต้นไม้เก่าแก่ที่ปลูกไว้ในสมัยรัชกาลที่ 6 โดย พระยาภักดีนรเศรษฐ (เลิศ เศรษฐบุตร) ซึ่งเมื่อครั้นมีการปรับปรุงพื้นที่เพื่อสร้างโรงแรม ท่านผู้หญิงเลอศักดิ์ สมบัติศิริ ได้ให้สถาปนิกออกแบบโรงแรมให้สอดคล้องกับภูมิทัศน์ของต้นไม้ที่มีอยู่เดิม และห้ามมิให้ตัดต้นไม้ที่มีอยู่ ทำให้ปัจจุบันโรงแรมยังมีต้นไม้ขนาดใหญ่ ต้นไม้พื้นเมืองที่สำคัญของประเทศไทย ซึ่งได้รับการดูแลรักษาเป็นอย่างดี อีกเป็นจำนวนมาก,"13.747297, 100.547069",3
2,10,ไม่ทราบชื่อ,พล.อ. วิษณุ คงสิริ,, - ,"13.731284, 100.577125",
2,11,พญาสัตบรรณ,ตรีธา ปิยธโร,ศาลกรมหลวงชุมพรเขตอุดมศักดิ์ฯ,ติดกับรั้วมหาวิทยาลัยเทคโนโลยีราชมงคล วิทยาเขตพระนคร ในร้ัวศาลกรมหลวงชุมพรเขตอุดมศักดิ์ฯ เชิงสะพานชมัยมรุเชษ์ ตรงข้ามทำเนียบรัฐบาล,"13.769537, 100.521797",
2,12,ต้นสะดือ,สมศักดิ์ แสงกุศลส่ง ,เพชรเกษม 48, -,"13.729041, 100.440769",
2,13,ต้นพญาสัตบรรณ ,สมจอง รองแก้ว ประธานชุมชนท่าวัง,ชุมชนท่าวัง,ต้นพญาสัตบรรณหรือต้นตีนเป็ด ลำต้นสีขาวสูงตรง ยืนเคียงข้างต้นมะเดื่ออุทุมพร มีดอกสีขาวขนาดเล็ก ส่งกลิ่นหอมฉุน ในช่วงต้นฤดูหนาวเป็นสัญญาณของหนาวเย็นที่กำลังจะมาเยือน,"13.753502, 100.489031",
2,14,ต้นสมอพิเภก,คณะวนศาสตร์ ม.เกษตร ,หน้าตึก 60 ปี คณะวนศาสตร์ ม.เกษตรศาสตร์ บางเขน,ต้นสมอพิเภกตั้งอยู่หน้าตึก60 ปี ในคณะวนศาสตร์ มีความสูงกว่า 20 เมตร ลำต้นตั้งตรง สูงเด่นกว่าต้นอื่นที่อยู่โดยรอบ,"13.845738, 100.574576",
2,15,ต้นไทร,ไม่ทราบ,ระหว่างพุทธมณฑลสาย2และสาย3, -,"13.733870, 100.377808",
2,16,ต้นพญาสัตบรรณ (ตีนเป็ด),ชัชวาลย์ ฮาสุวรรณกิจ,,ต้นไม้อยู่ในพื้นที่มุมซ้ายด้านหลังของอาคาร ล้อมมาปลูกพร้อมกับอาคาร มีอายุมากกว่า 15 ปี ความสูงของต้นไม้เทียบกับอาคาร3ชั้นครึ่งที่อยู่ติดกันแล้ว ต้นนี้อาจจะสูงมากกว่า 7 ชั้น,"13.869875, 100.621783",
2,17,ต้นยาง,ไชยา กัญญาพันธุ์,ร.ร.ทีปังกรวิทยาพัฒน์ (วัดน้อยใน),เส้นรอบวง 4.80 เมตร สูงประมาณ 60 เมตร,"13.791809, 100.466285",1
2,18,ต้นพญาสัตบรรณ,ณัฐธัญ จันทร์จำรัส ,องค์การคนพิการสากลประจำภูมิภาคเอเชียแปซิฟิก,อายุประมาณ 60-80 ปี ความสูงไม่ต่ำกว่า 20 เมตร ตั้งอยู่ในบริเวณบ้านที่สร้างโดยจอมพลผิน ชุณหะวัณ บิดาของพลเอกชาติชาย ชุณหะวัณ อดีตนายกรัฐมนตรี ซึ่งสถานที่แห่งนี้มีประวัติเกี่ยวข้องกับการเมืองไทยมาเป็นระยะเวลานาน ขณะนี้องค์การคนพิการสากลได้ใช้ที่ทำการพรรคชาติพัฒนาในอดีตเป็นสำนักงาน ในบริเวณสำนักงานมีความร่มรื่นย์เป็นอย่างมาก ทำให้ผู้ที่ทำงานในนั้นต่างมีความรู้สึกเหมือนทำงานในบ้าน มีอากาศที่บริสุทธิ์ และจิตใจเบิกบาน ได้สัมผัสกับธรรมชาติในทุกวันของการทำงาน นอกจากนั้นยังมีนกหลายชนิดเข้ามาอยู่อาศัย ทั้งนกเค้าแมว นกแซงแซว นกกินปลี นกกาเหว่า เป็นต้น ซึ่งทำให้ได้ยินเสียงนกชนิดต่างๆ ร้องอยู่เกือบตลอดเวลา,"13.780820, 100.531928",
2,19,ต้นพญาสัตบรรณ,สัมพันธ์ อำไพวรรณ,หมู่บ้าน กรองทอง ,อายุ 5ปี ลักษณะลำต้นเป็นลำเดียวขึ้นไป โดยส่วนตัวไม่เคยเห็นที่ไหน ส่วนใหญ่จะขึ้นเป็น2-3ลำ ต้นนี้แผ่กิ่งก้านเหมือนฉัตร 3ระดับ แต่ด้วยระดับล่างยื่นไปรบกวนสายไฟ และ ยอดยังสูงขึ้นเรื่อยๆ กลัวว่าถ้าลำต้นจะใหญ่ไปกว่านี้จะมีปัญหากับบ้านในภายหลัง เลยตัดยอดและกิ่งก้านข้างล่างออกหมด ให้ทรงคล้ายร่มยักษ์ ให้ร่มเงาสนามหน้าบ้าน,"13.701409, 100.678663",
2,20,ต้นตะเคียนทอง,สำนักงานเขตบางกอกใหญ่ ติดต่อ (เช้าตรู่ รังสีสิริกุล ),วัดสังข์กระจายวรวิหาร, -,"13.733285, 100.485043",
2,21,ต้นโพธิ์,เจ้าของ Re Cafe ,,ขนาด - รอบวงอย่างน้อย 3 เมตร ความสูง - ประมาณตึก 7 ชั้น อายุ - อย่างน้อย 50 ปี (หนึ่งในเจ้าของร้านกาแฟ เกิดที่บ้านนี้และเห็นต้นไม้่นี้มาตั้งแต่เกิด) เป็นหนึ่งในต้นไม้เก่าต้นสุดท้ายในย่านซ.หลังสวน/ซ.ต้นสน/ถ.ราชดำริ ที่เคยร่มเย็น ขณะนี้กำลังถูกแทนที่ด้วยตึกสูง ยกเว้นบริเวณบ้านทูตจากประเทศต่างๆ เช่น อเมริกัน ดัทช์ ฯลฯ,"13.741522, 100.540580",
4,1,ต้นศรีมหาโพธิ์,คุณฉันทนา สุรัสวดี,บริเวณกลางสระน้ำหน้าองค์พระเจดีย์ วัดพระศรีมหาธาตุวรมหาวิหาร บางเขน,เมื่อวันที่ ๑๘ กันยายน พ.ศ. ๒๔๘๓ จอมพล ป. พิบูลสงคราม นายกรัฐมนตรีได้เสนอขออนุมัติสร้างวัดขึ้นวัดหนึ่งเพื่อเป็นอนุสรณ์สถานแห่งการปกครองระบอบประชาธิปไตย คณะรัฐมนตรีได้ลงมติเห็นชอบให้สร้างวัดขึ้นวัดหนึ่งใกล้อนุสาวรีย์หลักสี่ให้ชื่อว่า “วัดประชาธิปไตย” ขณะกำลังดำเนินการพิจารณาจัดสร้างอยู่นั้นรัฐบาลได้จัดส่งคณะทูตพิเศษโดยมีนาวาเอก หลวงธำรงนาวาสวัสดิ์ (พลเรือตรี ถวัลย์ ธำรงนาวาสวัสดิ์) เป็นหัวหน้าคณะไปเจริญสันถวไมตรีกับประเทศต่างๆ ในภาคพื้นเอเชีย คณะทูตได้ติดต่อขอพระบรมสารีริกธาตุของสมเด็จพระสัมมนาสัมพุทธเจ้า กิ่งตอนของต้นศรีมหาโพธิ์ ๕ กิ่ง และดินจากสังเวชนียสถานจากรัฐบาลอินเดีย รัฐบาลอินเดียเห็นว่าประเทศไทยเป็นประเทศเอกราช มีพระมหากษัตริย์ทรงเป็นพุทธมาม-กะจึงได้มอบพระบรมสารีริกธาตุที่ขุดค้นพบ ณ มหาสถูปธรรมราชิกะและเก็บรักษาไว้ในพิพิธภัณฑ์ พร้อมทั้งกิ่งตอนพระศรีมหาโพธิ์และดินจากสังเวชนียสถานให้ เมื่อวันที่ ๑๒ ตุลาคม พ.ศ. ๒๔๘๓ ได้อัญเชิญมาถึงประเทศไทยในวันรุ่งขึ้น รัฐบาลจึงเห็นสมควรอัญเชิญประดิษฐานไว้ ณ วัดสร้างใหม่ ๒ กิ่ง และเห็นว่าพระบรมสารีริกธาตุกับต้นศรีมหาโพธิ์เป็นสิริมงคลยิ่งแก่วัด จึงตกลงตั้งชื่อวัดใหม่ว่า “วัดพระศรีมหาธาตุ” ต้นศรีมหาโพธิ์ทั้งสองกิ่งได้ปลูกไว้บนเกาะกลางสระน้ำหน้าพระมหาเจดีย์ด้านซ้ายและขวา เจริญงอกงามอยู่ตราบจนทุกวันนี้ นับเป็นต้นไม้อันมีคุณค่ายิ่งในกรุงเทพฯ,"13.8724529,100.5914007",
4,2,ต้นมะฮอกกานี ,คุณเชษฐ์ บุญประเทือง ,199/1 ชินเขต1/33 ถ. งามวงค์วาน 43 แยก 2-13 แขวงทุ่งสองห้อง หลักสี่ กรุงเทพฯ,เมื่อคนเรามีอะไรที่มีคูณค่า ขณะที่คนอื่นๆในพื้นที่นั้นไม่มี เราก็จะมีความรู้สึกภูมิใจที่เรามีสิ่งของนั้นแต่ผู้เดียว ผมค่อนข้างมั่นใจว่าในหมู่บ้านใหญ่อย่างน้อย 2 แห่ง คือ หมู่บ้านชินเขต ของผม และหมู่บ้านการเคหะท่าทรายที่อยู่ใกล้เคียงกัน ซึ่งแต่ละแห่งมีจำนวนบ้านหลายร้อยหลัง ไม่มีบ้านไหนปลูกต้นมะฮอกกานี จะมีการปลูกต้นมะฮอกกานีมากและใหญ่ที่อยู่ใกล้หมู่บ้านผมและท่าทราย ก็คือ สนามกอล์ปราชพฤกษ์ ซึ่งเป็นสนามกอล์ปชั้น 1 ที่อยู่ใจกลางกรุงเทพ เท่านั้น ฉะนั้น จึงทำให้ผมมีความภูมิใจ ซึ่งผมคิดว่ามันเป็นต้นไม้มีคุณค่าที่สุดในบรรดาต้นไม้ที่ใหญ่น้อยที่ผมปลูกไว้,"13.8613303,100.5499479",
4,3,ต้นมหาพรหมราชินี,คุณชูวิทย์ ประดิษฐบาทุกา ,โรงพยาบาลกลาง 514 ถ.หลวง แขวงป้อมปราบ เขตป้อมปราบศัตรูพ่าย กรุงเทพฯ ,ได้รับพระราชทานต้นมหาพรหมราชินี เป็นต้นไม้ประจำโรงพยาบาล และ “สมเด็จพระเทพรัตนราชสุดาฯ สยามบรมราชกุมารี เสด็จพระราชดำเนินทรงปลูกด้วยพระองค์เอง อีกทั้งต้นมหาพรหมราชินี เป็นไม้โบราณที่มีเฉพาะถิ่น คือพบที่จังหวัดแม่ฮ่องสอนเท่านั้น ทั้งยังเป็นพรรณไม้หายาก เนื่องจากจำนวนต้นในถิ่นกำเนิดมีน้อยมากและมีการกระจายพันธุ์ต่ำ,"13.7464376,100.5087676",
4,4,ต้นสักทอง,ส่งประกวดในนามของสวนสัตว์ดุสิต โดย คุณเขมรีย์ สุวัตถิพงศ์ ประชาสัมพันธ์ สวนสัตว์ดุสิต,สวนสัตว์ดุสิต 71  ถ. พระราม5  ดุสิต กรุงเทพฯ,ต้นสักทองต้นนี้มีอายุมากถึง110 ปีแล้ว และเป็นต้นไม้ที่ รัชกาลที่ 5 ทรงร่วมปลูกกับเจ้าชายวัลดิมา แห่งประเทศเดนมาร์กเป็นต้นไม้ที่ชาวสวนสัตว์ภูมิใจกันมากๆ,"13.7702204,100.514159",
4,5,ต้นมะม่วง,คุณจีรพร กลัดเจริญ ,เลขที่ 6​ ซอยบางกระดี่ 3 เเขวงแสม ดำ เขตบางขุนเทียน กรุงเทพฯ,ต้นมะม่วงต้นนี้ เป็นต้นไม้ ที่เอน ตัวลง เหมือนจะล้ม เอนตัวจนลำต้นเเทบจะขนานนาบไปกับผิวน้ำ ของคลองเส้นนี้ เอนตัวลง เสมือนสะพานทำให้สองฝั่งของที่พักอาศัยเเละร้านได้เขื่อมต่อกัน ต้นไม้ที่เอน เหมือนจะล้มลง ต้นนี้ ยังคงยืนหยัดต่อสู้ พยุงตัวเอง ให้อยู่รอด ท่ามกลางลมฝนพายุกระหน่ำ มากมาย หลายครั้งที่ต้นนี้เหมือนจะล้มลงจากไป เเต่ สุดท้ายมะม่วงต้นนี้ก็ยังคงอยู่คู่พื้นแผ่นดิน ของกรุงเทพ เเห่งนี้ อยู่ ยังคงให้ผลผลิต เเละ ยังคงให้ร่มเย็นมิเลือนหาย เปรียบเหมือนชีวิตของมนุษย์เรา หลายครั้งอาจจะล้มลง เเละเหมือนเราอาจจะต้านทานไม่ไหว ขนาดต้นไม้ ยังคงยืนหยัดอยู่ได้ เรา ทุกคน ก็คงต้องยืนหยัดได้เฉกเช่น เดียวกัน,"13.6311274,100.4030484",
4,6,ต้นสาละ,นส.เพ็ชรดา ล้ำเลิศ,10 / 55 หมู่ 24 แขวง วงศ์สว่าง เขตบางซื่อ กรุงเทพฯ,เจ้าของคือคุณวัลลภ ล้ำเลิศ ปลูกมา22ปีแล้วค่ะ ที่นำต้นสาละมาปลูกก็เพราะท่านเป็นผู้เลื่อมใสในพุทธศาสนา คือท่านทราบมาว่าพระพุทธเจ้าทรงประสูติใต้ต้นสาละ ท่านก็อยากมีไว้ในบ้านเพื่อเป็นมงคลแก่ชีวิต ต่อมาท่านทราบว่าเป็นคนละสายพันธุ์กัน แต่ท่านก็ยังรักต้นไม้ต้นนี้อยู่ ท่านบอกว่าก็เหมือนการเลี้ยงลูกด้วยความรักต่อมาทราบว่าลูกไม่ใช่ลูกที่แท้จริงจะให้เลิกรักคงเป็นไปไม่ได้,"13.8235349,100.5342769",
4,7,ต้นไทร,คุณศุภชัย นำเกียรติสกุล,หมู่บ้านแมกไม้ ออเงิน-วัชรพล ถนนเพิ่มสิน (ติดกับซอย เพิ่มสิน 38) ซอย 1 หมู่ที่ 3 คลองถนน สายไหม กรุงเทพฯ (ตรงบริเวณวงเวียนหน้าศาลพระภูมิของหมู่บ้าน),เป็นต้นไทรที่อยู่คู่หมู่บ้านมาตั้งแต่เริ่มสร้างหมู่บ้านในปี2538 ก็มีต้นไทรนี้อยู่มาก่อนแล้ว ทำให้สมาชิกในหมู่บ้านอยู่แบบร่มเย็นเป็นสุขทุกคนรักต้นไม้ต้นนี้มาก,"13.9026951,100.6438655",
4,8,ต้นโพธิ์,คุณปิ่นทิพย์ ถาวรวัฒน์สกุล,วัดระฆังโฆษิตตารามวรมหาวิหาร กรุงเทพฯ,เป็นต้นโพธิ์พันธุ์ลังกา ซึ่งพระบาทสมเด็จพระจอมเกล้าเจ้าอยู่หัวทรงได้รับมาในรัชสมัยของพระองค์ และได้เสด็จพระราชดำเนินมาทรงปลูกต้นโพธิ์ที่วัดระฆังโฆสิตารามนี้ด้วยพระองค์เอง ในปัจจุบันเป็นสถานที่นัดพบของนักเรียนโรงเรียนสตรีวัดระฆัง (เจ้าของภาพก็มีความทรงจำเดียวกันนี้) ที่จะมานั่งคอยผู้ปกครองมารับ หรือนัดเพื่อนมาเจอบริเวณลานต้นโพธิ์แห่งนี้ จึงเป็นความทรงจำที่ดีของวัดระฆังและชาวบ้านละแวกใกล้เคียงอันเนื่องมาจากมีความศักดิ์สิทธิ์ และเป็นต้นโพธิ์ขนาดใหญ่มีอายุยาวนาน แผ่กิ่งก้านสาขาให้ร่มเงาแก่ผู้ที่อาศัยอยู่รอบบริเวณนั้น,"13.7526189,100.483199",
4,9,ต้นจามจุรี,คุณสิทธิเดช สิทธิสินทรัพย์,หมู่บ้านราชาวิลล่า 1 ซอยลาดพร้าว 67/2,ต้นจามจุรีนี้มีอายุ มากกว่า 20 ปี เมื่อมองจากอีกฟากฝั่งของถนนลาดพร้าว ยังมีร่มเงาของจามจุรี ยืนหยัดสู้ความเจริญอย่างเงียบๆ เป็นอีกแห่งที่น่าประทับใจครับ,"13.7893336,100.6033878",
4,10,ต้นลีลาวดี,คุณ สราวดี ผดุงศิริเศรษฐ์,489/1 ซอย37 หมู่บ้านปัญญา ถนนพัฒนาการ30 สวนหลวง กทม. ,ทุกครั้งที่มองต้นไม้ต้นนี้ มันจะคอยย้ำเตือนเสมอว่าชีวิตของคนเรานั้นย่อมมีอุปสรรค มีล้มลุกคลุกคลาน แต่ไม่ว่าจะล้มอีกสักกี่ครั้ง เราก็ต้องพยายามลุกขึ้นมายืนหยัดใหม่ให้ได้ ที่สำคัญเราจะต้องไม่ลืมรากเง้าของตัวเอง ว่าเป็นใคร มาจากไหน ไม่ลืมบุญคุณของบุพการีและผู้มีพระคุณ ที่ทำให้เราเติบใหญ่ได้จนถึงทุกวันนี้,"13.72258,100.6227255",
4,11,ต้นนางรังหรือต้นจัน,คุณสุรชน กัณวิจิตร์ ,ภายในพื้นที่วัดปทุมวนาราม บริเวณหน้าศาลาพระราชศรัทธา,พระบาทสมเด็จพระเจ้าอยู่หัว ทรงปลูกเมื่อวันที่ 25 มีนาคม 2536 และต้นจัน 2 ต้น ที่สมเด็จพระราชินีฯ ทรงปลูกในวันเดียวกั,"13.7463349,100.5347259",
4,12,ต้นงิ้ว,คุณนิคม ไวยรัชพานิช รองประธานวุฒิสภา คนที่หนึ่ง,สำนักงานเลขาธิการวุฒิสภา 4 ถนนอู่ทองใน เขตดุสิต กรุงเทพฯ,“ต้นงิ้ว ที่ส่งเข้าประกวดนี้” ปัจจุบันปลูกอยู่หน้าที่ทำการของสำนักงานเลขาธิการวุฒิสภา เลขที่ ๔ ถนนอู่ทองใน เขตดุสิต กรุงเทพมหานคร บริเวณข้างประตูประสาทเทวฤทธิ์ มีความสูง ๒๔ เมตร มีเส้นรอบวง ๓.๙๐ เมตร โดยวัดจากพื้นดิน ๑.๓๐ เมตร เป็นต้นงิ้วที่มีลำต้นตั้งตรง มีฟอร์มสวย แต่ไม่มีหนามให้เห็นแล้ว เนื่องจากเป็นต้นไม้ที่ปลูกมานาน คาดว่าน่าจะปลูกมาตั้งแต่สมัยรัชกาลที่ ๕ (ระหว่างการก่อสร้างพระราชวังดุสิต พ.ศ. ๒๔๔๑ – ๒๔๕๑ ) เนื่องจากเดิมพื้นที่บริเวณนี้เป็นเขตพระราชวังดุสิต ด้านทิศเหนือ และในปี พ.ศ. ๒๕๑๓ พระบาทสมเด็จพระเจ้าอยู่หัวภูมิพลอดุลยเดชได้ทรงพระราชทานที่ดินบริเวณนี้ให้เป็นที่ก่อสร้างรัฐสภา ซึ่งก่อสร้างแล้วเสร็จใน พ.ศ.๒๕๑๗ “ต้นงิ้ว” เป็นต้นไม้ที่มีคติความเชื่อ ๒ ด้าน คือสำหรับด้านที่ไม่เป็นมงคล เป็นคติความเชื่ออย่างแพร่หลายว่า ถ้าผู้ใดประพฤติผิดในกาม เมื่อตายแล้วจะตกนรกไปปีน “ต้นงิ้ว” ที่มีหนามแหลมคมรอบต้น ความเชื่อนี้ได้รับอิทธิพลจากคำสอนในพระพุทธศาสนา ที่มีปรากฏในพระสูตร (เทวทูตสูตร) และในชาดก(นารทชาดก) ว่าเป็นต้นไม้ในเมืองนรก ผู้ประพฤติผิดในกาม จะต้องปืนต้นงิ้ว นอกจากนี้ในหนังสือไตรภูมิพระร่วง ได้กล่าวถึง ต้นงิ้วในนรกภูมิ ขุมโลหสิมพลีนรก ว่าผู้ที่คบชู้เมื่อตายจะต้องไปปีนต้นงิ้วในนรก ดังนั้น คนไทยทั่วไปจึงไม่นิยมปลูกในบ้านเรือนอยู่อาศัย เพราะถือว่าไม่เป็นมงคล ทำให้เราพบแต่ต้นงิ้วในป่าหรือในวัดเท่านั้น ด้านที่เป็นมงคล ต้นงิ้ว ถือเป็นต้นไม้มงคลประจำปีเกิดของผู้เกิดปีเถาะ ผู้เกิดปีเถาะ มิ่งขวัญอยู่ที่ต้นมะพร้าวและต้นงิ้ว โดยเชื่อว่าต้นงิ้วเป็นไม้ยืนต้น อายุยืนนาน นำมาปลูกเพื่อเป็นมงคลประจำราศี การบำรุงเลี้ยงก็จะเกิดความสุขความเจริญแก่เจ้าของ นอกจากนี้ยังมีตำนาน และความเชื่อตามหนังสือไตรภูมิพระร่วงว่า ครุฑอาศัยอยู่บนยอดงิ้วที่สิมพลีสระ เชิงเขาพระสุเมรุ ซึ่งคนไทยมักเรียกที่อยู่ของครุฑว่า “วิมานฉิมพลี” เพราะเป็นสถานที่ซึ่งพญาครุฑได้ลักพาตัวนางกากีมาสู่สม คำว่า “ฉิมพลี” มาจากภาษาบาลีว่า “สิมพลี” แปลว่า ต้นงิ้ว ครุฑได้อาศัยผลงิ้วและน้ำดอกไม้จากต้นงิ้วเป็นอาหารทิพย์ ครุฑในเมืองไทยมีความสำคัญเนื่องจากใช้เป็นตราเป็นสัญลักษณ์ของพระมหากษัตริย์ เช่น ธงรูปครุฑ และตราประจำแผ่นดิน เป็นต้น ดังนั้น จึงพบว่ามีการปลูกต้นงิ้วในเขตพระราชวัง ดังเช่นต้นงิ้ว ที่ส่งเข้าประกวดในครั้งนี้ ต้นงิ้ว ที่ส่งเข้าประกวดนี้ เป็นต้นไม้ใหญ่ที่หาได้ยากในกรุงเทพมหานคร ใครที่ผ่านไปมามักจะมีคำถามว่า ต้นนี้ คือ “ต้นอะไร ?” เมื่อทราบว่าเป็นต้นงิ้ว ก็มักแปลกใจว่า ทำไมไม่มีหนาม ก็จะมีการกล่าวกันทำนองว่า ปัจจุบันมีคนผิดศีลข้อ ๓ กันมาก ปีนต้นงิ้วกันจนไม่มีหนาม ดังนั้น ต้นงิ้วนี้ ก็จะเป็นต้นไม้เตือนใจในการประพฤติมิให้พร่องศีลทางกามได้เป็นอย่างดี,"13.7749689,100.5132758",
4,13,ต้นไทร,คุณอรยา สูตะบุตร,สุด ซ.มหาดเล็กหลวง 2 ด้านขวา (ติดกับสถานีรถไฟฟ้าราชดำริ) ถ.ราชดำริ ,ผู้อยู่อาศัยย่านมหาดเล็กหลวง ถ.ราชดำริ รวมตัวกันเพื่อขอร้องพระคลังข้างที่ให้เก็บพื้นที่สีเขียวขนาด 1 ไร่สุดซอยนี้ ซึ่งเป็นที่ตั้งของต้นไทรต้นนี้ เพื่อเป็นปอดของคนในย่านนี้และคนกรุงเทพ แทนที่จะสร้างคอนโด,"13.7393776,100.5372734",
4,14,ต้นจามจุรี, คุณญาดา โคสุยี,จุฬาลงกรณ์มหาวิทยาลัย,ฝากต้นไม้ไว้ห้าต้น ให้เป็นเครื่องเตือนใจตลอดกาล”พระบาทสมเด็จพระปรมินทรมหาภูมิพลอดุลยเดชพระบรมราชูปถัมภกแห่งจุฬาลงกรณ์มหาวิทยาลัยทรงปลูกต้นจามจุรีพระราชทานเมื่อวันที่สิบห้า มกราคม พุทธศักราชสองพันห้าร้อยห้า พระมหากรุณาธิคุณ ได้หยั่งรากลงลึกแล้วในหัวใจชาวจุฬาลงกรณ์มหาวิทยาลัยทุกคน,"13.7393776,100.5350847",
4,15,ต้นสะเดาอินเดีย,คุณเศรษฐพงศ์ ศิริยศ,บริเวณลานข้างศาลาวัดทองสุธาวาส (เขตบางซื่อ) ,"ต้นควินิน หรือต้นนิมพะ เป็นไม้ยืนต้นสีเขียวตลอดปี จัดเป็นไม้มงคล และไม้สมุนไพรที่หายาก ต้นควินินนี้พระท่านบอกว่าอายุร้อยกว่าปีแล้ว ที่ทางทางวัดทองปลูกไว้ดูแลรักษามาเป็นเวลานานมากจนต้นสูงใหญ่ออกดอกสะพรั่งทุกปีและคงอนุรักษ์ไว้ ในทางพุทธศาสนา ต้นสะเดาอินเดีย เป็นโพธิญาณพฤกษา ของพระสุเมธพระพุทธเจ้า พันธุ์ไม้ที่พระพุทธเจ้า ๒๘ พระองค์ ประทับตรัสรู้ พันธุ์ไม้นี้ตามพุทธประวัติกล่าวว่า ในพรรษาที่๑๑ พระพุทธเจ้าได้จำพรรษาภายใต้จิมมันทพฤกษ์คือไม้สะเดา อันมุขพิมานของเพรุยักษ์ใกล้นครเวรัญชา.. ในพระไตรปิฏกเล่ม 25 ขุททกนิกาย พุทธวงศ์ สุเมธพุทธวงศ์ กล่าวไว้ว่า พระพุทธเจ้าองค์ที่๑๔ พระนามว่า พระสุเมธพุทธเจ้า ผู้แสวงหาประโยชน์เพื่อสรรพสัตว์ทรงเปลื้องสัตว์ให้พ้นจากเครื่องผูกเป็นอันมาก ได้ประทับตรัสรู้ ณ ควงไม้สะเดา หลังทรงบำเพ็ญเพียรอยู่ ๘ เดือนเต็ม.. เปลือกต้นควินินใช้เป็นยารักษาโรคไข้มาเลเรีย,เจ็บปาก,เจ็บคอ,เมาค้าง และมีคุณประโยชน์อื่นๆที่ใช้ในทางคลีนิคและเภสัชวิทยารักษาโรคต่างๆ","13.8338299,100.5275621",
4,16,ต้นจามจุรี, คุณอรยา สูตะบุตร,ด้านหน้าตึกไทย-โอบายาชิ ติดกับสถานีรถไฟฟ้าราชดำริ ,ผลงานออกแบบตึกโดยหลีกให้ต้นไม้ แถมมีสวนญี่ปุ่นด้านหน้า เป็นแบบอย่างให้เจ้าของตึกและสถาปนิกอื่นๆ ในฐานะตึกที่อยู่ร่วมกับต้นไม้ใหญ่ได้,"13.7391703,100.5377",
4,17,ต้นจามจุรี,คุณชัชวาลย์ ฮาสุวรรณกิจ,โคนต้นไม้อยู่ติดกับทางซึ่งตัดเข้าไปในแยก 22 ภายในซอยรามอินทรา 23 ถ.รามอินทรา แขวงอนุสาวรีย์ เขตบางเขน กรุงเทพฯ,"เป็นต้นจามจุรี, ก้ามปู ต้นใหญ่ ที่ให้ร่มเงา สงบเย็น ร่มรื่น อยู่บนพื้นที่ว่างซึ่งพื้นดินถูกปกคลุมไปด้วยใบของต้นจามจุรี และถูกใช้เป็นสาธารณะประโยชน์ในตอนกลางวันจะมีเด็กๆ มานั่งเล่นใต้ต้นไม้ เมื่อยามต้นไม้ต้องสายลมอ่อนๆ ใบไม้ที่ร่วงหล่นจากกิ่งจะค่อยๆโปรยปรายลงมาทั่วบริเวณ ช่างแลดูงดงามเหมือนจะหยุดเวลาเอาไว้...จนพวกเด็กๆ บอกว่า ""หิมะตก ๆ""เป็นภาพบรรยากาศที่แสนจะผ่อนคลายสวนทางกับชีวิตที่รีบเร่งติดจรวดในโลกยุคปัจจุบันพอตกตอนเย็นก็จะเป็นสถานที่ออกกำลังกาย มีคนมาเตะตะกร้อกัน บ้างก็นั่งชมพักผ่อน ส่วนเด็กๆ ก็วิ่งเล่นบนลานกว้างภายใต้ร่มไม้ของก้ามปูต้นนี้","13.8674202,100.6188511",
4,18,ต้นมะตูม,คุณสุทธิพร รัตนธร ศรัทธา,วัดราชาธิวาสวรวิหาร ถนนสามเสน เขตดุสิต กรุงเทพฯ,มะตูมต้นนี้มีอายุเกิน ๑๐๐ ปี มีความสูงที่ต้องมองเงยคอตั้งบ่า กล้องมีความสามารถเก็บภาพไว้ไม่หมดถึงยอด มะตูมอายุยืนต้นนี้มีผลดก เต็มต้น ถ่ายภาพ เมื่อวันจันทร์ที่ ๒๐ กันยายน ๒๕๕๓ ควรเป็นแบบอย่างให้เจ้าของตึกและสถาปนิกอื่นๆ ที่สร้างตึกที่อยู่ร่วมกับสวนที่ร่มรื่นและต้นไม้ใหญ่ได้,"13.775432,100.5011293",
4,19,ต้นหางนกยูงฝรั่ง ,คุณสรณรัชฎ์ กาญจนะวณิชย์,สวนธนบุรีรมย์,หางนกยูงต้นนี้ไม่สามารถแข่งความใหญ่โตกับใครได้ เส้นรอบวงมันแค่ 58 ซม.เท่านั้นเอง แต่ความพิเศษของมันคือบรรดาไลเคนมากกว่า 10 ชนิดที่เกาะอยู่เต็มลำต้น มากกว่าที่เราเคยพบบนต้นไม้ต้นเดียวต้นหนึ่งต้นใดในกรุงเทพฯ จนถือได้ว่าหางนกยูงต้นนี้เป็นเสมือนพิพิธภัณฑ์ธรรมชาติที่มีชีวิต เป็นที่ที่เราเคยพาเด็กนับร้อยคนมาเรียนรู้ น่าเสียดายว่ากิ่งก้านของมันถูกตัดจนกุด มีสภาพเป็นเพียงลำต้นไม้สูง 4 เมตร มีใบรวมงอกออกมาสองใบ จึงอยากให้ช่วยกันดูแลมันไว้ดีๆ,"13.6520112,100.489217",
4,20,ต้นหว้า,คุณเศรษฐพงศ์ ศิริยศ,บริเวณริมทางเดินด้านหลังสวนป่าวัดทองสุธาวาส บางซื่อ กรุงเทพฯ,ต้นหว้าไม้ยืนต้นขนาดใหญ่ ลำต้นสูงใหญ่ ผลหว้าลูกใหญ่ อายุร้อยกว่าปี เป็นหว้าต้นใหญ่หายาก จัดเป็นไม้มงคลในเรื่องความสำเร็จและชัยชนะ เป็นพันธุ์ไม้พระราชทานประจำจังหวัดเพชรบุรี ยืนต้นอยู่ริมทางเดินที่สวนป่าหลังวัดทองสุธาวาส วัดที่ชอบปลูกต้นไม้ทรงคุณค่าเพื่อการอนุรักษ์ ให้เป็นร่มเงาความเขียวขจีเป็นส่วนหนี่งของปอด กทม มีทั้งต้นยางใหญ่ ต้นควินิน ก่อไผ่ กับต้นไม้นาๆพันธุ์และต้นหว้า หว้าจัดเป็นพืชสมุนไพร น้ำจากผลลูกหว้าก็เป็น 1 ใน 8 น้ำปานะ ที่พระพุทธองค์ทรงมีพุทธานุญาตแก่พระภิกษุ เมล็ดลดน้ำตาลในเลือด แก้ทองเสียและใช้ถอนพิษ เรื่องราวของต้นหว้ายังเกี่ยวพันกับพุทธประวัติทางพุทธศาสนา.,"13.8338299,100.5275621",
4,21,ต้นก้ามปูประดับฟิโรใบแฉก,โรงแรมสวิสโฮเต็ล ปาร์คนายเลิศ โดยสามารถติดต่อผู้ประสานงาน คือ นางสาวปราณิสา พูลสมบัติ ,โรงแรมสวิส โฮเต็ล ปาร์ค นายเลิศ เลขที่ 2 ถนนวิทยุ เขตปทุมวัน กรุงเทพฯ,ต้นก้ามปู เป็นต้นไม้เก่าแก่ที่ปลูกไว้ในสมัยรัชกาลที่ 6 โดย พระยาภักดีนรเศรษฐ (เลิศ เศรษฐบุตร) ซึ่งเมื่อครั้นมีการปรับปรุงพื้นที่เพื่อสร้างโรงแรม ท่านผู้หญิงเลอศักดิ์ สมบัติศิริ ได้ให้สถาปนิกออกแบบโรงแรมให้สอดคล้องกับภูมิทัศน์ของต้นไม้ที่มีอยู่เดิม และห้ามมิให้ตัดต้นไม้ที่มีอยู่ ภายหลังได้มีการปลูกฟิโลที่ต้นก้ามปู มีการเลื้อยพันไปบนต้นก้ามปูอย่างสวยงามน่าประทับใจยิ่ง,"13.7614403,100.5430591",
4,22,ต้นถ่อน,คุณนายนิคม ไวยรัชพานิช (รองประธานวุฒิสภาคนที่ 1),บ้านเลขที่ 27 ซอยลาดพร้าว 34 แขวงจันทรเกษม เขตจตุจักร กรุงเทพฯ,เมื่อเอ่ยถึงต้นถ่อน หรือ ต้นทิ้งถ่อน เชื่อได้เลยว่าคนกรุงเทพส่วนใหญ่จะงงเพราะไม่รู้จัก และจะถามว่าต้นเป็นอย่างไร ถ้าคนไม่มีความรู้เรื่องต้นไม้ เมื่อเห็นต้นมักจะนึกว่าเป็นต้นก้ามปู ซึ่งมีลักษณะใบที่คล้ายกัน แต่ความจริงแล้วไม่ใช่เลย ผมประทับใจต้นไม้ชนิดนี้ ด้วยเหตุหลายประการ1 เป็นต้นไม้ใหญ่ที่ชื่อแปลกไม่ค่อยพบเห็นโดยเฉพาะในเขตกรุงเทพมหานคร 2 เป็นต้นไม่ใหญ่ที่อยู่ประจำที่ในเขตบ้านผม ซึ่งผมได้รักษาไว้จนขณะนี้อายุมากกว่า 40 ปี เติบโตใหญ่ขึ้นจนคลอบคลุมพื้นที่ในบ้าน 3 ใบและก้านร่วงทุกวันทำให้เก็บกวาดใบไม้และกิ่งก้านทำให้ผมมีงานทำเป็นพนักงานกวาดเก็บกิ่ง ก้าน และใบ ทำให้ร่างกายแข็งแรง 4 เป็นต้นไม้ใหญ่ปกคลุมพื้นที่เป็นบริเวณกว้างนกนานาชนิดอาศัยกินหนอน ดอกผล เป็นจำนวนมากเสียงนกร้อง เช่น เสียงนกกาเหว่าร้องจนเป็นที่รำคาญของเพื่อนบ้านที่เช่าอาศัยอพาร์ทเม้นท์ ต้องทะเลาะกับนกทุกเช้า ก็แปลกดีคนทะเลาะกับนก 5 สรรพคุณของไม้ชนิดนี้ เป็นยารักษาได้ทุกโรค สนใจเชิญดูต้นไม้ชนิดนี้ได้ ที่บ้านของผม บ้านเลขที่ 27 ซอยลาดพร้าว 34 แขวงจันทรเกษม เขตจตุจักร กทม. 10900,"13.8024009,100.5748008",
4,23,ไม่ทราบชื่อ,คุณธนพนธ์ ภักดี,ต้นไม้ในสวนจตุจักร (วงกลมแดง),,"13.8024003,100.5594798",
4,24, Ficus religiosa ,พล.อ. วิษณุ คงสิริ,31 ซอยมาดี-ไปดี สุขุมวิท 53 กรุงเทพฯ,,"13.731281,100.5748494",
4,25,ต้นกระทิง,คุณสุรชน กัณวิจิตร์,ภายในกรมชลประทาน สามเสน บริเวณหน้าสโมสรกรม ชลประทานริมแม่น้ำเจ้าพระยา,ต้นกระทิง ที่สมเด็จพระศรีนครินทราพระบรมราชชนนี ทรงปลูกเมื่อครั้งทรงมาเยี่ยมกรมชลประทาน เมื่อ 31 กรกฎาคม 2512 โดยมืทรงขี่ม้ามาจากวังสระปทุม,"13.7879985,100.5083007",
3,1,ต้นสนฉัตร ,คุณโชคชัย อัตตกิจกุล,ม.ปรีชา(ล้ำเพชร) ซ. 14 ถ.สุขาภิบาล 3 หัวหมาก บางกะปิ กรุงเทพฯ,ต้นสนฉัตรนี้อายุประมาณ 19 ปี ความสูงประมาณ 20-25 เมตร รอบต้นที่ความสูง 1-1.5 เมตร ประมาณ 38 นิ้ว,"13.7545376,100.6211512",
3,2,"ต้นจามจุรี,ก้ามปู ",คุณปฐมพงศ์ เนียมคำ,บ้านเลขที่ 212 ซ.รามอินทรา 46 ถ.รามอินทรา แขวงรามอินทรา เขตคันนายาว กรุงเทพฯ ,"เส้นรอบวงประมาณ 4.19 เมตร (วัดจากพื้นดินที่ระดับ1.5 เมตร) อายุกว่า 100 ปีคาดว่าเป็นไม้ขึ้นเองตามธรรมชาติ เดิมบริเวณนี้เรียก ""กลางลาน"" ใช้เป็นที่เก็บข้าว และนวดข้าว ในสมัยก่อน ทุกๆวันจะมีนกบินมาเกาะส่งเสียงร้อง ให้ความร่มรื่น เป็นธรรมชาติ อากาศดีมาก","13.8387569,100.6546024",2
3,3,ต้นมะฮอกกานี,คุณเฉลิมพล อัศวธีรางกูร,ถนนเมน หมู่บ้านนวธานี (ซ.3) ถนนเสรีไทย แขวงคลองกุ่ม เขตบึงกุ่ม กรุงเทพฯ ,ถนนมะฮอกกะนี (Avenue of Mahogany at Navathanee),"13.7889905,100.6490561",2
3,4,ต้นไทร,คุณศิรเมศร์ จิรโพธิสิทธิ์ ,ปากซอยวิภาวดี 29 ริมทางคู่ขนาน วิภาวดีรังสิต แขวงสีกัน ดอนเมือง  กรุงเทพฯ,เป็นต้นไทร formสวย ขนาดไม่ต่ำกว่า 8-9 คนโอบ เนื่องจากตั้งอยู่ต้นเดียวไม่มีต้นไม้รอบๆ เลยไม่ต้องยืดความสูงเพื่อหาแสง formต้นเลยค่อนข้างที่จะสมบูรณ์ แผ่กิ่งก้านในลักษณะร่มขนาดใหญ่สวยและสมดุลย์ทุกมุุมมอง อาจจะไม่สวยที่สุดแต่ก็เสียดายหากมีการตัดทิ้ง ไม่ได้ซ่อนตัวอยู่ แต่อาจด้วยสภาพแวดล้อมข้างเคียงเป็นอาคารพาณิชย์ และเป็นมุมอับ จากสะพานกลับรถจากถนนกำแพงเพชร 6 เลยทำให้มองไม่เห็นหากไม่สังเกต อีกทั้งยังมีทางด่วน ดอนเมือง โทลเวย์ อยู่ถัดไปไม่กี่เมตร,"13.8695677,100.5718524",3
3,5,ต้นประดู่,คุณพูนศักดิ์ สักกทัตติยกุล,โรงเรียนสตรีศรีสุริโยทัย ซ.เจริญกรุง 57 ถ.เจริญกรุง เขตสาทร กรุงเทพฯ,ปลูกเมื่อ ประมาณปีพ.ศ. 2515 ความสูง มากกว่า 20 เมตร เส้นรอบวงวัดจากพื้นดิน 1.3 เมตร ประมาณ 2.68 เมตร ยามเมื่อออกดอก แล้วร่วงลงสู่พื้น จะเหลืองอร่ามไปทั่วบริเวณ,"13.7152198,100.5138891",1
3,6,ต้นโพธิ์,คุณเศรษฐพงศื ศิริยศ,หน้าทางเข้าประตูวัดสุวรรณ ซอย โรงพยาบาลเจ้าพระยา บางกอกน้อย กรุงเทพฯ,เป็นไม้ยืนต้นสูงใหญ่ ให้ร่มเงาทนต่อสภาพสิ่งแวดล้อมได้ดี อีกทั้งยังเป็นต้นไม้ที่เกี่ยวข้องกับพระพุทธศาสนาอีกด้วย,"13.7803193,100.4678697",
3,7,ต้นประดู่แดง,คุณณัฐพัสกร จั่นคต,วังวาริชเวสม์ ซอยสุโขทัย 6 กรุงเทพฯ,ต้นประดู่แดง อายุประมาณ 60-70 ปี เส้นรอบวง 3.20 เมตร สูงประมาณ 20 เมตร,"13.7782374,100.5178925",
3,8,ต้นลั่นทม,คุณตรีธา ปิยธโร,แยกพณิชยการ ข้างโรงเรียน ราชวินิตมัธยม เชิงสะพานชมัยมรุเชฐ กรุงเทพฯ,สรรพคุณ น้ำยางใช้ใส่แผล ทาแก้โรคงูสวัด หิด เมล็ดเป็นยาระบาย ขับน้ำเหลือง แก้โรคงูสงัด,"13.7625626,100.5127074",
3,9,ต้นตะแบก,คุณตรีธา ปิยธโร,หน้าศาลกรมหลวงชุมพรเขตอุดมศักดิ์ข้างมหาวิทยาลัยเทคโนโลยีราชมงคล วิทยาเขตพระนคร เชิงสะพานชมัยมรุเชษ กรุงเทพฯ,,"13.7366323,100.4644392",
3,10,ต้นไทร,คุณกันตภณ ภัทรชลิต,อยู่ภายในอุทยานเฉลิมพระเกียรติสมเด็จพระศรีนครินทราบรมราชชนนี (สวนสมเด็จย่า) เขตคลองสาน กรุงเทพฯ,ปลูกตั้งแต่สมัยรัชกาลที่ 5,"13.7366348,100.4972718",
3,11,ต้นจามจุรี,Mrs. Somjai Reiss,"31/1 Soi Promsi 2, Sukhumvit 39, Bangkok",,"13.7345773,100.5721435",
3,12,ต้นพญาสัตตบัน,คุณมาลีมาศ เสนะวงศ์ ,โรงพิมพ์ สกสค. ลาดพร้าว แขวงสะพานสอง เขตวังทองหลาง กรุงเทพฯ,เป็นต้นไม้ที่ปลูกทดแทน หลังจากที่ต้นหางนกยูงใหญ่ยักษ์ริมรั้วถูกตัดไปหลายหลายปีก่อน,"13.7926599,100.5989203",
3,13,ต้นชมพูพันธุทิพย์,มหาวิทยาลัยเกษตรศาสตร์ โดยคณะวนศาสตร์ ,หน้าหอประชุมกลาง ม.เกษตรศาสตร์,ต้นชมพูพันธุ์ทิพย์ 2 ต้น ยืนต้นดั่งเป็นองครักษ์ของอาคารหอประชุม ม.เกษตรสาสตร์ บางเขนลำต้นมีไม้เลื้อยขึ้นคลุมหนาแน่น ดูเขียวสดตลอดปี หน้าแล้งออกดอกสีชมพูบานสะพรั่ง งามดั่งซากุระเมืองไทยใครได้เห็นเป็นต้องหันกลับมามองอีกครั้ง,"13.8455352,100.5672425",
3,14,ต้นโพธิ์,คุณสมจอง รองแก้ว(ประธานชุมชนท่าวัง) ,ชุมชนท่าวัง ถนนมหาราช แขวงพระบรมมหาราชวัง เขตพระนคร กรุงเทพฯ,ต้นโพธิ์ขนาดใหญ่สูงกว่า 12 เมตร ยืนแผ่ร่มเงาให้กับบริเวณริมแม่น้ำเจ้าพระยามากว่าร้อยปี เคียงข้างกับชุมชนท่าวัง ชุมชนริมน้ำโบราณของอดีตข้าราชบริพารในวังหลวงและวังท่าพระ ท่ามกลางความเปลี่ยนแปลงของเมืองกรุงฯและเกาะรัตนโกสินทร์ตลอดช่วงเวลาที่ผ่านมา เป็นผลให้เกิดอาคารสมัยใหม่ขึ้นให้พบเห็นได้ทั่วไป ชุมชนท่าวังและต้นโพธิ์ต้นนี้ก็ยังคงยืนหยัดอยู่ เป็นร่มเงา และทัศนียภาพแห่งการหวนรำลึกถึงภาพของกรุงเทพฯในอดีตแก่พื้นที่ริมน้ำเจ้าพระยาสืบไป,"13.7531486,100.4888528",
3,15,ต้นแผ่บารมี (หูกระจง),คุณพงษ์เทพ บูรณะอำนวย,99/3 ม.4 ซ.รามอินทรา39 แยก28 แขวงท่าแร้ง เขตบางเขน กรุงเทพฯ,มีอายุประมาณ 10 ปี สูง 12 เมตร,"13.8680362,100.6258633",
3,16,ต้นโพธิ์,คุณอติชาต ศรีธีระวิโรจน์,สวนสราญรมย์,เป็นต้นโพธิ์ที่มีความสวยตรงที่มีลักษณะเป็นกลุ่มต้นโพธิ์ที่ขึ้นในบริเวณใกล้ๆกันและมีการวางตำแหน่งของต้น รวมถึงการทอดตัวของกิ่งก้านสาขาที่เหมาะเจาะโดยภาพรวม ไม่ทราบว่าขึ้นโดยธรรมชาติหรือคนปลูก เมื่อมองใกล้ๆจะเห็นมีลำต้นแยกกัน 4 ลำต้น โดยมี 1 ลำต้นแยกตัวออกมาชัดเจนว่าเป็น1 ต้น แต่อีก 3 ลำต้นแนบติดกันไม่ทราบว่าเป็นต้นเดียวกันหรือคนละต้น ขณะที่บางมุมมองจะเห็นกลุ่มต้นโพธิ์นี้เหมือนเป็นต้นเดียวกัน,"13.7481435,100.4950017",
3,17,ต้นมะขามเทศ ,คุณอติชาต ศรีธีระวิโรจน์ ,สวนสราญรมย์,เป็นต้นมะขามเทศที่มีความสวยตรงลักษณะของลำต้น กิ่ง ก้าน มีรูปร่างสวยงามแปลกตาเหมือนงานศิลปะ อีกทั้งมีอาคารเก่าของกรมรักษาดินแดนเป็นฉากหลังทำให้สวยงามยิ่งขึ้น,"13.7481435,100.4950017",
3,18,ต้นจามจุรี / ก้ามปู,คุณจตุรงค์ นภาดล,หมู่บ้านสัมมากร ถนน. รามคำแหง กรุงเทพฯ ,ต้นก้ามปูนี้อายุราวสามสิบกว่าปีครับ ปลูกอยู่ในหมู่บ้านสัมมากรตั้งแต่เริ่มสร้างหมู่บ้าน ผมสูง 5 ฟุต 6 นิ้ว เวลายืนใต้ต้นก้ามปูนี้ คอผมจะอยู่ประมาณเชือกสีขาว เวลาแหงนหน้ามองขึ้นไป จะรู้สึกว่าเราตัวเล็กมาก เหมือนถูกโอบไว้โดยต้นก้ามปูนี้ คนในหมู่บ้านนี้นับหมื่นเป็นหนี้อ๊อกซิเจนจาก ค้นก้ามปูเหล่านี้ครับ ต้องชื่นชมทางผู้บริหารหมู่บ้านที่เห็นความสำคัญของต้นไม้และผู้อยู่อาศัยในพื้นที่ครับ,"13.7760997,100.6735857",
3,19,ต้นไทรย้อยใบแหลม (Ficus benjamina L.),คุณชัชวาลย์ ฮาสุวรรณกิจ,ภายในสวนสุขภาพสวนกีฬารามอินทราถ.รามอินทรา ซอย 5 หรือซอย 19 เขตบางเขน ,ต้นไทรย้อยใบแหลม ต้นใหญ่ ให้ร่มเงาร่มรื่นต้นนี้ มีลำต้นที่สวยงาม เหมือนกับงานศิลป์ซึ่งธรรมชาติเป็นผู้สร้างต้นไทรตั้งอยู่โดดเด่นใจกลางสวนสุขภาพ ของสวนกีฬารามอินทรา ซึ่งเป็นที่ประชาชนได้มาพักผ่อนหย่อนใจ และออกกำลังกาย,"13.8779477,100.6183669",
3,20,ต้นอินทนิน,คุณปองขวัญ ลาซูส,วังสวนผักกาด ถนนศรีอยุธยา กรุงเทพฯ,,"13.7567687,100.5353664",
3,21,ต้นชมพูพันทิพย์ ,คุณอัครินทร์ เลิศวัฒนสิริ ,สวนรถไฟ กรุงเทพฯ,,"13.8128693,100.5523401",
3,22,ต้นหูช้าง,สวนหลวง ร ๙ แขวงหนองบอน เขตประเวศ กรุงเทพ ฯ ,สวนหลวง ร ๙ แขวงหนองบอน เขตประเวศ กรุงเทพ ฯ,,"13.6861295,100.6605012",
3,23,ต้นยาง,คุณไชยา กัญญาพันธุ์ ผู้อำนวยการโรงเรียนทีปังกรวิทยาพัฒน์ (วัดน้อยใน) ในพระราชูปถัมภ์ฯ,วัดไก่เตี้ย แขวง ตลิ่งชัน เขต ตลิ่งชัน กรุงเทพฯ, เส้นรอบวง 6 เมตร สูงประมาณ 45 เมตร,"13.7849229,100.463665",
3,24,ต้นสะดือยักษ์,คุณไชยา กัญญาพันธุ์ ผู้อำนวยการโรงเรียนทีปังกรวิทยาพัฒน์ (วัดน้อยใน) ในพระราชูปถัมภ์ฯ,วัดโพธิ์ แขวง บางระมาด เขต ตลิ่งชัน กรุงเทพฯ,เส้นรอบวง 5.30 เมตร สูงประมาณ 45 เมตร,"13.768989,100.4243123",
3,25,ไม่ทราบชื่อ,คุณพิกุล,อ่อนนุช 17,ต้นไม้ที่ให้ร่มเงาแก่ผู้ที่เดินทางไปมา ย่านอ่อนนุช 17 ขอบคุณเจ้าของต้นไม้ที่อนุรักษ์ไว้เพื่อมอบอ๊อกซิเย่นให้แก่กรุงเทพฯ,"13.7196585,100.6108797",